[{"display_html":"<a href=\"#v:wordLog2-35-\">wordLog2#</a> :: <a href=\"../ghc-prim-0.5.3/GHC-Prim.html#t:Word-35-\" title=\"GHC.Prim\">Word#</a> -&gt; <a href=\"../ghc-prim-0.5.3/GHC-Prim.html#t:Int-35-\" title=\"GHC.Prim\">Int#</a>","name":"wordLog2#","module":"GHC.Integer.Logarithms","link":"GHC-Integer-Logarithms.html#v:wordLog2-35-"},{"display_html":"<a href=\"#v:integerLog2-35-\">integerLog2#</a> :: <a href=\"GHC-Integer.html#t:Integer\" title=\"GHC.Integer\">Integer</a> -&gt; <a href=\"../ghc-prim-0.5.3/GHC-Prim.html#t:Int-35-\" title=\"GHC.Prim\">Int#</a>","name":"integerLog2#","module":"GHC.Integer.Logarithms","link":"GHC-Integer-Logarithms.html#v:integerLog2-35-"},{"display_html":"<a href=\"#v:integerLogBase-35-\">integerLogBase#</a> :: <a href=\"GHC-Integer.html#t:Integer\" title=\"GHC.Integer\">Integer</a> -&gt; <a href=\"GHC-Integer.html#t:Integer\" title=\"GHC.Integer\">Integer</a> -&gt; <a href=\"../ghc-prim-0.5.3/GHC-Prim.html#t:Int-35-\" title=\"GHC.Prim\">Int#</a>","name":"integerLogBase#","module":"GHC.Integer.Logarithms","link":"GHC-Integer-Logarithms.html#v:integerLogBase-35-"},{"display_html":"<a href=\"#v:wordLog2-35-\">wordLog2#</a> :: <a href=\"../ghc-prim-0.5.3/GHC-Prim.html#t:Word-35-\" title=\"GHC.Prim\">Word#</a> -&gt; <a href=\"../ghc-prim-0.5.3/GHC-Prim.html#t:Int-35-\" title=\"GHC.Prim\">Int#</a>","name":"wordLog2#","module":"GHC.Integer.Logarithms.Internals","link":"GHC-Integer-Logarithms-Internals.html#v:wordLog2-35-"},{"display_html":"<a href=\"#v:integerLog2IsPowerOf2-35-\">integerLog2IsPowerOf2#</a> :: <a href=\"GHC-Integer.html#t:Integer\" title=\"GHC.Integer\">Integer</a> -&gt; (# <a href=\"../ghc-prim-0.5.3/GHC-Prim.html#t:Int-35-\" title=\"GHC.Prim\">Int#</a>, <a href=\"../ghc-prim-0.5.3/GHC-Prim.html#t:Int-35-\" title=\"GHC.Prim\">Int#</a> #)","name":"integerLog2IsPowerOf2#","module":"GHC.Integer.Logarithms.Internals","link":"GHC-Integer-Logarithms-Internals.html#v:integerLog2IsPowerOf2-35-"},{"display_html":"<a href=\"#v:integerLog2-35-\">integerLog2#</a> :: <a href=\"GHC-Integer.html#t:Integer\" title=\"GHC.Integer\">Integer</a> -&gt; <a href=\"../ghc-prim-0.5.3/GHC-Prim.html#t:Int-35-\" title=\"GHC.Prim\">Int#</a>","name":"integerLog2#","module":"GHC.Integer.Logarithms.Internals","link":"GHC-Integer-Logarithms-Internals.html#v:integerLog2-35-"},{"display_html":"<a href=\"#v:roundingMode-35-\">roundingMode#</a> :: <a href=\"GHC-Integer.html#t:Integer\" title=\"GHC.Integer\">Integer</a> -&gt; <a href=\"../ghc-prim-0.5.3/GHC-Prim.html#t:Int-35-\" title=\"GHC.Prim\">Int#</a> -&gt; <a href=\"../ghc-prim-0.5.3/GHC-Prim.html#t:Int-35-\" title=\"GHC.Prim\">Int#</a>","name":"roundingMode#","module":"GHC.Integer.Logarithms.Internals","link":"GHC-Integer-Logarithms-Internals.html#v:roundingMode-35-"},{"display_html":"<span class=\"keyword\">data</span> <a href=\"#t:Integer\">Integer</a>","name":"Integer","module":"GHC.Integer","link":"GHC-Integer.html#t:Integer"},{"display_html":"<a href=\"#v:mkInteger\">mkInteger</a> :: <a href=\"../ghc-prim-0.5.3/GHC-Types.html#t:Bool\" title=\"GHC.Types\">Bool</a> -&gt; [<a href=\"../ghc-prim-0.5.3/GHC-Types.html#t:Int\" title=\"GHC.Types\">Int</a>] -&gt; <a href=\"GHC-Integer.html#t:Integer\" title=\"GHC.Integer\">Integer</a>","name":"mkInteger","module":"GHC.Integer","link":"GHC-Integer.html#v:mkInteger"},{"display_html":"<a href=\"#v:smallInteger\">smallInteger</a> :: <a href=\"../ghc-prim-0.5.3/GHC-Prim.html#t:Int-35-\" title=\"GHC.Prim\">Int#</a> -&gt; <a href=\"GHC-Integer.html#t:Integer\" title=\"GHC.Integer\">Integer</a>","name":"smallInteger","module":"GHC.Integer","link":"GHC-Integer.html#v:smallInteger"},{"display_html":"<a href=\"#v:wordToInteger\">wordToInteger</a> :: <a href=\"../ghc-prim-0.5.3/GHC-Prim.html#t:Word-35-\" title=\"GHC.Prim\">Word#</a> -&gt; <a href=\"GHC-Integer.html#t:Integer\" title=\"GHC.Integer\">Integer</a>","name":"wordToInteger","module":"GHC.Integer","link":"GHC-Integer.html#v:wordToInteger"},{"display_html":"<a href=\"#v:integerToWord\">integerToWord</a> :: <a href=\"GHC-Integer.html#t:Integer\" title=\"GHC.Integer\">Integer</a> -&gt; <a href=\"../ghc-prim-0.5.3/GHC-Prim.html#t:Word-35-\" title=\"GHC.Prim\">Word#</a>","name":"integerToWord","module":"GHC.Integer","link":"GHC-Integer.html#v:integerToWord"},{"display_html":"<a href=\"#v:integerToInt\">integerToInt</a> :: <a href=\"GHC-Integer.html#t:Integer\" title=\"GHC.Integer\">Integer</a> -&gt; <a href=\"../ghc-prim-0.5.3/GHC-Prim.html#t:Int-35-\" title=\"GHC.Prim\">Int#</a>","name":"integerToInt","module":"GHC.Integer","link":"GHC-Integer.html#v:integerToInt"},{"display_html":"<a href=\"#v:encodeFloatInteger\">encodeFloatInteger</a> :: <a href=\"GHC-Integer.html#t:Integer\" title=\"GHC.Integer\">Integer</a> -&gt; <a href=\"../ghc-prim-0.5.3/GHC-Prim.html#t:Int-35-\" title=\"GHC.Prim\">Int#</a> -&gt; <a href=\"../ghc-prim-0.5.3/GHC-Prim.html#t:Float-35-\" title=\"GHC.Prim\">Float#</a>","name":"encodeFloatInteger","module":"GHC.Integer","link":"GHC-Integer.html#v:encodeFloatInteger"},{"display_html":"<a href=\"#v:floatFromInteger\">floatFromInteger</a> :: <a href=\"GHC-Integer.html#t:Integer\" title=\"GHC.Integer\">Integer</a> -&gt; <a href=\"../ghc-prim-0.5.3/GHC-Prim.html#t:Float-35-\" title=\"GHC.Prim\">Float#</a>","name":"floatFromInteger","module":"GHC.Integer","link":"GHC-Integer.html#v:floatFromInteger"},{"display_html":"<a href=\"#v:encodeDoubleInteger\">encodeDoubleInteger</a> :: <a href=\"GHC-Integer.html#t:Integer\" title=\"GHC.Integer\">Integer</a> -&gt; <a href=\"../ghc-prim-0.5.3/GHC-Prim.html#t:Int-35-\" title=\"GHC.Prim\">Int#</a> -&gt; <a href=\"../ghc-prim-0.5.3/GHC-Prim.html#t:Double-35-\" title=\"GHC.Prim\">Double#</a>","name":"encodeDoubleInteger","module":"GHC.Integer","link":"GHC-Integer.html#v:encodeDoubleInteger"},{"display_html":"<a href=\"#v:decodeDoubleInteger\">decodeDoubleInteger</a> :: <a href=\"../ghc-prim-0.5.3/GHC-Prim.html#t:Double-35-\" title=\"GHC.Prim\">Double#</a> -&gt; (# <a href=\"GHC-Integer.html#t:Integer\" title=\"GHC.Integer\">Integer</a>, <a href=\"../ghc-prim-0.5.3/GHC-Prim.html#t:Int-35-\" title=\"GHC.Prim\">Int#</a> #)","name":"decodeDoubleInteger","module":"GHC.Integer","link":"GHC-Integer.html#v:decodeDoubleInteger"},{"display_html":"<a href=\"#v:doubleFromInteger\">doubleFromInteger</a> :: <a href=\"GHC-Integer.html#t:Integer\" title=\"GHC.Integer\">Integer</a> -&gt; <a href=\"../ghc-prim-0.5.3/GHC-Prim.html#t:Double-35-\" title=\"GHC.Prim\">Double#</a>","name":"doubleFromInteger","module":"GHC.Integer","link":"GHC-Integer.html#v:doubleFromInteger"},{"display_html":"<a href=\"#v:plusInteger\">plusInteger</a> :: <a href=\"GHC-Integer.html#t:Integer\" title=\"GHC.Integer\">Integer</a> -&gt; <a href=\"GHC-Integer.html#t:Integer\" title=\"GHC.Integer\">Integer</a> -&gt; <a href=\"GHC-Integer.html#t:Integer\" title=\"GHC.Integer\">Integer</a>","name":"plusInteger","module":"GHC.Integer","link":"GHC-Integer.html#v:plusInteger"},{"display_html":"<a href=\"#v:minusInteger\">minusInteger</a> :: <a href=\"GHC-Integer.html#t:Integer\" title=\"GHC.Integer\">Integer</a> -&gt; <a href=\"GHC-Integer.html#t:Integer\" title=\"GHC.Integer\">Integer</a> -&gt; <a href=\"GHC-Integer.html#t:Integer\" title=\"GHC.Integer\">Integer</a>","name":"minusInteger","module":"GHC.Integer","link":"GHC-Integer.html#v:minusInteger"},{"display_html":"<a href=\"#v:timesInteger\">timesInteger</a> :: <a href=\"GHC-Integer.html#t:Integer\" title=\"GHC.Integer\">Integer</a> -&gt; <a href=\"GHC-Integer.html#t:Integer\" title=\"GHC.Integer\">Integer</a> -&gt; <a href=\"GHC-Integer.html#t:Integer\" title=\"GHC.Integer\">Integer</a>","name":"timesInteger","module":"GHC.Integer","link":"GHC-Integer.html#v:timesInteger"},{"display_html":"<a href=\"#v:negateInteger\">negateInteger</a> :: <a href=\"GHC-Integer.html#t:Integer\" title=\"GHC.Integer\">Integer</a> -&gt; <a href=\"GHC-Integer.html#t:Integer\" title=\"GHC.Integer\">Integer</a>","name":"negateInteger","module":"GHC.Integer","link":"GHC-Integer.html#v:negateInteger"},{"display_html":"<a href=\"#v:absInteger\">absInteger</a> :: <a href=\"GHC-Integer.html#t:Integer\" title=\"GHC.Integer\">Integer</a> -&gt; <a href=\"GHC-Integer.html#t:Integer\" title=\"GHC.Integer\">Integer</a>","name":"absInteger","module":"GHC.Integer","link":"GHC-Integer.html#v:absInteger"},{"display_html":"<a href=\"#v:signumInteger\">signumInteger</a> :: <a href=\"GHC-Integer.html#t:Integer\" title=\"GHC.Integer\">Integer</a> -&gt; <a href=\"GHC-Integer.html#t:Integer\" title=\"GHC.Integer\">Integer</a>","name":"signumInteger","module":"GHC.Integer","link":"GHC-Integer.html#v:signumInteger"},{"display_html":"<a href=\"#v:divModInteger\">divModInteger</a> :: <a href=\"GHC-Integer.html#t:Integer\" title=\"GHC.Integer\">Integer</a> -&gt; <a href=\"GHC-Integer.html#t:Integer\" title=\"GHC.Integer\">Integer</a> -&gt; (# <a href=\"GHC-Integer.html#t:Integer\" title=\"GHC.Integer\">Integer</a>, <a href=\"GHC-Integer.html#t:Integer\" title=\"GHC.Integer\">Integer</a> #)","name":"divModInteger","module":"GHC.Integer","link":"GHC-Integer.html#v:divModInteger"},{"display_html":"<a href=\"#v:divInteger\">divInteger</a> :: <a href=\"GHC-Integer.html#t:Integer\" title=\"GHC.Integer\">Integer</a> -&gt; <a href=\"GHC-Integer.html#t:Integer\" title=\"GHC.Integer\">Integer</a> -&gt; <a href=\"GHC-Integer.html#t:Integer\" title=\"GHC.Integer\">Integer</a>","name":"divInteger","module":"GHC.Integer","link":"GHC-Integer.html#v:divInteger"},{"display_html":"<a href=\"#v:modInteger\">modInteger</a> :: <a href=\"GHC-Integer.html#t:Integer\" title=\"GHC.Integer\">Integer</a> -&gt; <a href=\"GHC-Integer.html#t:Integer\" title=\"GHC.Integer\">Integer</a> -&gt; <a href=\"GHC-Integer.html#t:Integer\" title=\"GHC.Integer\">Integer</a>","name":"modInteger","module":"GHC.Integer","link":"GHC-Integer.html#v:modInteger"},{"display_html":"<a href=\"#v:quotRemInteger\">quotRemInteger</a> :: <a href=\"GHC-Integer.html#t:Integer\" title=\"GHC.Integer\">Integer</a> -&gt; <a href=\"GHC-Integer.html#t:Integer\" title=\"GHC.Integer\">Integer</a> -&gt; (# <a href=\"GHC-Integer.html#t:Integer\" title=\"GHC.Integer\">Integer</a>, <a href=\"GHC-Integer.html#t:Integer\" title=\"GHC.Integer\">Integer</a> #)","name":"quotRemInteger","module":"GHC.Integer","link":"GHC-Integer.html#v:quotRemInteger"},{"display_html":"<a href=\"#v:quotInteger\">quotInteger</a> :: <a href=\"GHC-Integer.html#t:Integer\" title=\"GHC.Integer\">Integer</a> -&gt; <a href=\"GHC-Integer.html#t:Integer\" title=\"GHC.Integer\">Integer</a> -&gt; <a href=\"GHC-Integer.html#t:Integer\" title=\"GHC.Integer\">Integer</a>","name":"quotInteger","module":"GHC.Integer","link":"GHC-Integer.html#v:quotInteger"},{"display_html":"<a href=\"#v:remInteger\">remInteger</a> :: <a href=\"GHC-Integer.html#t:Integer\" title=\"GHC.Integer\">Integer</a> -&gt; <a href=\"GHC-Integer.html#t:Integer\" title=\"GHC.Integer\">Integer</a> -&gt; <a href=\"GHC-Integer.html#t:Integer\" title=\"GHC.Integer\">Integer</a>","name":"remInteger","module":"GHC.Integer","link":"GHC-Integer.html#v:remInteger"},{"display_html":"<a href=\"#v:eqInteger\">eqInteger</a> :: <a href=\"GHC-Integer.html#t:Integer\" title=\"GHC.Integer\">Integer</a> -&gt; <a href=\"GHC-Integer.html#t:Integer\" title=\"GHC.Integer\">Integer</a> -&gt; <a href=\"../ghc-prim-0.5.3/GHC-Types.html#t:Bool\" title=\"GHC.Types\">Bool</a>","name":"eqInteger","module":"GHC.Integer","link":"GHC-Integer.html#v:eqInteger"},{"display_html":"<a href=\"#v:neqInteger\">neqInteger</a> :: <a href=\"GHC-Integer.html#t:Integer\" title=\"GHC.Integer\">Integer</a> -&gt; <a href=\"GHC-Integer.html#t:Integer\" title=\"GHC.Integer\">Integer</a> -&gt; <a href=\"../ghc-prim-0.5.3/GHC-Types.html#t:Bool\" title=\"GHC.Types\">Bool</a>","name":"neqInteger","module":"GHC.Integer","link":"GHC-Integer.html#v:neqInteger"},{"display_html":"<a href=\"#v:leInteger\">leInteger</a> :: <a href=\"GHC-Integer.html#t:Integer\" title=\"GHC.Integer\">Integer</a> -&gt; <a href=\"GHC-Integer.html#t:Integer\" title=\"GHC.Integer\">Integer</a> -&gt; <a href=\"../ghc-prim-0.5.3/GHC-Types.html#t:Bool\" title=\"GHC.Types\">Bool</a>","name":"leInteger","module":"GHC.Integer","link":"GHC-Integer.html#v:leInteger"},{"display_html":"<a href=\"#v:gtInteger\">gtInteger</a> :: <a href=\"GHC-Integer.html#t:Integer\" title=\"GHC.Integer\">Integer</a> -&gt; <a href=\"GHC-Integer.html#t:Integer\" title=\"GHC.Integer\">Integer</a> -&gt; <a href=\"../ghc-prim-0.5.3/GHC-Types.html#t:Bool\" title=\"GHC.Types\">Bool</a>","name":"gtInteger","module":"GHC.Integer","link":"GHC-Integer.html#v:gtInteger"},{"display_html":"<a href=\"#v:ltInteger\">ltInteger</a> :: <a href=\"GHC-Integer.html#t:Integer\" title=\"GHC.Integer\">Integer</a> -&gt; <a href=\"GHC-Integer.html#t:Integer\" title=\"GHC.Integer\">Integer</a> -&gt; <a href=\"../ghc-prim-0.5.3/GHC-Types.html#t:Bool\" title=\"GHC.Types\">Bool</a>","name":"ltInteger","module":"GHC.Integer","link":"GHC-Integer.html#v:ltInteger"},{"display_html":"<a href=\"#v:geInteger\">geInteger</a> :: <a href=\"GHC-Integer.html#t:Integer\" title=\"GHC.Integer\">Integer</a> -&gt; <a href=\"GHC-Integer.html#t:Integer\" title=\"GHC.Integer\">Integer</a> -&gt; <a href=\"../ghc-prim-0.5.3/GHC-Types.html#t:Bool\" title=\"GHC.Types\">Bool</a>","name":"geInteger","module":"GHC.Integer","link":"GHC-Integer.html#v:geInteger"},{"display_html":"<a href=\"#v:compareInteger\">compareInteger</a> :: <a href=\"GHC-Integer.html#t:Integer\" title=\"GHC.Integer\">Integer</a> -&gt; <a href=\"GHC-Integer.html#t:Integer\" title=\"GHC.Integer\">Integer</a> -&gt; <a href=\"../ghc-prim-0.5.3/GHC-Types.html#t:Ordering\" title=\"GHC.Types\">Ordering</a>","name":"compareInteger","module":"GHC.Integer","link":"GHC-Integer.html#v:compareInteger"},{"display_html":"<a href=\"#v:eqInteger-35-\">eqInteger#</a> :: <a href=\"GHC-Integer.html#t:Integer\" title=\"GHC.Integer\">Integer</a> -&gt; <a href=\"GHC-Integer.html#t:Integer\" title=\"GHC.Integer\">Integer</a> -&gt; <a href=\"../ghc-prim-0.5.3/GHC-Prim.html#t:Int-35-\" title=\"GHC.Prim\">Int#</a>","name":"eqInteger#","module":"GHC.Integer","link":"GHC-Integer.html#v:eqInteger-35-"},{"display_html":"<a href=\"#v:neqInteger-35-\">neqInteger#</a> :: <a href=\"GHC-Integer.html#t:Integer\" title=\"GHC.Integer\">Integer</a> -&gt; <a href=\"GHC-Integer.html#t:Integer\" title=\"GHC.Integer\">Integer</a> -&gt; <a href=\"../ghc-prim-0.5.3/GHC-Prim.html#t:Int-35-\" title=\"GHC.Prim\">Int#</a>","name":"neqInteger#","module":"GHC.Integer","link":"GHC-Integer.html#v:neqInteger-35-"},{"display_html":"<a href=\"#v:leInteger-35-\">leInteger#</a> :: <a href=\"GHC-Integer.html#t:Integer\" title=\"GHC.Integer\">Integer</a> -&gt; <a href=\"GHC-Integer.html#t:Integer\" title=\"GHC.Integer\">Integer</a> -&gt; <a href=\"../ghc-prim-0.5.3/GHC-Prim.html#t:Int-35-\" title=\"GHC.Prim\">Int#</a>","name":"leInteger#","module":"GHC.Integer","link":"GHC-Integer.html#v:leInteger-35-"},{"display_html":"<a href=\"#v:gtInteger-35-\">gtInteger#</a> :: <a href=\"GHC-Integer.html#t:Integer\" title=\"GHC.Integer\">Integer</a> -&gt; <a href=\"GHC-Integer.html#t:Integer\" title=\"GHC.Integer\">Integer</a> -&gt; <a href=\"../ghc-prim-0.5.3/GHC-Prim.html#t:Int-35-\" title=\"GHC.Prim\">Int#</a>","name":"gtInteger#","module":"GHC.Integer","link":"GHC-Integer.html#v:gtInteger-35-"},{"display_html":"<a href=\"#v:ltInteger-35-\">ltInteger#</a> :: <a href=\"GHC-Integer.html#t:Integer\" title=\"GHC.Integer\">Integer</a> -&gt; <a href=\"GHC-Integer.html#t:Integer\" title=\"GHC.Integer\">Integer</a> -&gt; <a href=\"../ghc-prim-0.5.3/GHC-Prim.html#t:Int-35-\" title=\"GHC.Prim\">Int#</a>","name":"ltInteger#","module":"GHC.Integer","link":"GHC-Integer.html#v:ltInteger-35-"},{"display_html":"<a href=\"#v:geInteger-35-\">geInteger#</a> :: <a href=\"GHC-Integer.html#t:Integer\" title=\"GHC.Integer\">Integer</a> -&gt; <a href=\"GHC-Integer.html#t:Integer\" title=\"GHC.Integer\">Integer</a> -&gt; <a href=\"../ghc-prim-0.5.3/GHC-Prim.html#t:Int-35-\" title=\"GHC.Prim\">Int#</a>","name":"geInteger#","module":"GHC.Integer","link":"GHC-Integer.html#v:geInteger-35-"},{"display_html":"<a href=\"#v:andInteger\">andInteger</a> :: <a href=\"GHC-Integer.html#t:Integer\" title=\"GHC.Integer\">Integer</a> -&gt; <a href=\"GHC-Integer.html#t:Integer\" title=\"GHC.Integer\">Integer</a> -&gt; <a href=\"GHC-Integer.html#t:Integer\" title=\"GHC.Integer\">Integer</a>","name":"andInteger","module":"GHC.Integer","link":"GHC-Integer.html#v:andInteger"},{"display_html":"<a href=\"#v:orInteger\">orInteger</a> :: <a href=\"GHC-Integer.html#t:Integer\" title=\"GHC.Integer\">Integer</a> -&gt; <a href=\"GHC-Integer.html#t:Integer\" title=\"GHC.Integer\">Integer</a> -&gt; <a href=\"GHC-Integer.html#t:Integer\" title=\"GHC.Integer\">Integer</a>","name":"orInteger","module":"GHC.Integer","link":"GHC-Integer.html#v:orInteger"},{"display_html":"<a href=\"#v:xorInteger\">xorInteger</a> :: <a href=\"GHC-Integer.html#t:Integer\" title=\"GHC.Integer\">Integer</a> -&gt; <a href=\"GHC-Integer.html#t:Integer\" title=\"GHC.Integer\">Integer</a> -&gt; <a href=\"GHC-Integer.html#t:Integer\" title=\"GHC.Integer\">Integer</a>","name":"xorInteger","module":"GHC.Integer","link":"GHC-Integer.html#v:xorInteger"},{"display_html":"<a href=\"#v:complementInteger\">complementInteger</a> :: <a href=\"GHC-Integer.html#t:Integer\" title=\"GHC.Integer\">Integer</a> -&gt; <a href=\"GHC-Integer.html#t:Integer\" title=\"GHC.Integer\">Integer</a>","name":"complementInteger","module":"GHC.Integer","link":"GHC-Integer.html#v:complementInteger"},{"display_html":"<a href=\"#v:shiftLInteger\">shiftLInteger</a> :: <a href=\"GHC-Integer.html#t:Integer\" title=\"GHC.Integer\">Integer</a> -&gt; <a href=\"../ghc-prim-0.5.3/GHC-Prim.html#t:Int-35-\" title=\"GHC.Prim\">Int#</a> -&gt; <a href=\"GHC-Integer.html#t:Integer\" title=\"GHC.Integer\">Integer</a>","name":"shiftLInteger","module":"GHC.Integer","link":"GHC-Integer.html#v:shiftLInteger"},{"display_html":"<a href=\"#v:shiftRInteger\">shiftRInteger</a> :: <a href=\"GHC-Integer.html#t:Integer\" title=\"GHC.Integer\">Integer</a> -&gt; <a href=\"../ghc-prim-0.5.3/GHC-Prim.html#t:Int-35-\" title=\"GHC.Prim\">Int#</a> -&gt; <a href=\"GHC-Integer.html#t:Integer\" title=\"GHC.Integer\">Integer</a>","name":"shiftRInteger","module":"GHC.Integer","link":"GHC-Integer.html#v:shiftRInteger"},{"display_html":"<a href=\"#v:testBitInteger\">testBitInteger</a> :: <a href=\"GHC-Integer.html#t:Integer\" title=\"GHC.Integer\">Integer</a> -&gt; <a href=\"../ghc-prim-0.5.3/GHC-Prim.html#t:Int-35-\" title=\"GHC.Prim\">Int#</a> -&gt; <a href=\"../ghc-prim-0.5.3/GHC-Types.html#t:Bool\" title=\"GHC.Types\">Bool</a>","name":"testBitInteger","module":"GHC.Integer","link":"GHC-Integer.html#v:testBitInteger"},{"display_html":"<a href=\"#v:popCountInteger\">popCountInteger</a> :: <a href=\"GHC-Integer.html#t:Integer\" title=\"GHC.Integer\">Integer</a> -&gt; <a href=\"../ghc-prim-0.5.3/GHC-Prim.html#t:Int-35-\" title=\"GHC.Prim\">Int#</a>","name":"popCountInteger","module":"GHC.Integer","link":"GHC-Integer.html#v:popCountInteger"},{"display_html":"<a href=\"#v:bitInteger\">bitInteger</a> :: <a href=\"../ghc-prim-0.5.3/GHC-Prim.html#t:Int-35-\" title=\"GHC.Prim\">Int#</a> -&gt; <a href=\"GHC-Integer.html#t:Integer\" title=\"GHC.Integer\">Integer</a>","name":"bitInteger","module":"GHC.Integer","link":"GHC-Integer.html#v:bitInteger"},{"display_html":"<a href=\"#v:hashInteger\">hashInteger</a> :: <a href=\"GHC-Integer.html#t:Integer\" title=\"GHC.Integer\">Integer</a> -&gt; <a href=\"../ghc-prim-0.5.3/GHC-Prim.html#t:Int-35-\" title=\"GHC.Prim\">Int#</a>","name":"hashInteger","module":"GHC.Integer","link":"GHC-Integer.html#v:hashInteger"},{"display_html":"<span class=\"keyword\">data</span> <a href=\"#t:Integer\">Integer</a><ul class=\"subs\"><li>= <a href=\"#v:S-35-\">S#</a> !<a href=\"../ghc-prim-0.5.3/GHC-Prim.html#t:Int-35-\" title=\"GHC.Prim\">Int#</a></li><li>| <a href=\"#v:Jp-35-\">Jp#</a> !<a href=\"GHC-Integer-GMP-Internals.html#t:BigNat\" title=\"GHC.Integer.GMP.Internals\">BigNat</a></li><li>| <a href=\"#v:Jn-35-\">Jn#</a> !<a href=\"GHC-Integer-GMP-Internals.html#t:BigNat\" title=\"GHC.Integer.GMP.Internals\">BigNat</a></li></ul>","name":"Integer S# Jp# Jn#","module":"GHC.Integer.GMP.Internals","link":"GHC-Integer-GMP-Internals.html#t:Integer"},{"display_html":"<a href=\"#v:isValidInteger-35-\">isValidInteger#</a> :: <a href=\"GHC-Integer-GMP-Internals.html#t:Integer\" title=\"GHC.Integer.GMP.Internals\">Integer</a> -&gt; <a href=\"../ghc-prim-0.5.3/GHC-Prim.html#t:Int-35-\" title=\"GHC.Prim\">Int#</a>","name":"isValidInteger#","module":"GHC.Integer.GMP.Internals","link":"GHC-Integer-GMP-Internals.html#v:isValidInteger-35-"},{"display_html":"module <a href=\"GHC-Integer.html\">GHC.Integer</a>","name":"","module":"GHC.Integer.GMP.Internals","link":""},{"display_html":"<a href=\"#v:gcdInteger\">gcdInteger</a> :: <a href=\"GHC-Integer-GMP-Internals.html#t:Integer\" title=\"GHC.Integer.GMP.Internals\">Integer</a> -&gt; <a href=\"GHC-Integer-GMP-Internals.html#t:Integer\" title=\"GHC.Integer.GMP.Internals\">Integer</a> -&gt; <a href=\"GHC-Integer-GMP-Internals.html#t:Integer\" title=\"GHC.Integer.GMP.Internals\">Integer</a>","name":"gcdInteger","module":"GHC.Integer.GMP.Internals","link":"GHC-Integer-GMP-Internals.html#v:gcdInteger"},{"display_html":"<a href=\"#v:gcdExtInteger\">gcdExtInteger</a> :: <a href=\"GHC-Integer-GMP-Internals.html#t:Integer\" title=\"GHC.Integer.GMP.Internals\">Integer</a> -&gt; <a href=\"GHC-Integer-GMP-Internals.html#t:Integer\" title=\"GHC.Integer.GMP.Internals\">Integer</a> -&gt; (# <a href=\"GHC-Integer-GMP-Internals.html#t:Integer\" title=\"GHC.Integer.GMP.Internals\">Integer</a>, <a href=\"GHC-Integer-GMP-Internals.html#t:Integer\" title=\"GHC.Integer.GMP.Internals\">Integer</a> #)","name":"gcdExtInteger","module":"GHC.Integer.GMP.Internals","link":"GHC-Integer-GMP-Internals.html#v:gcdExtInteger"},{"display_html":"<a href=\"#v:lcmInteger\">lcmInteger</a> :: <a href=\"GHC-Integer-GMP-Internals.html#t:Integer\" title=\"GHC.Integer.GMP.Internals\">Integer</a> -&gt; <a href=\"GHC-Integer-GMP-Internals.html#t:Integer\" title=\"GHC.Integer.GMP.Internals\">Integer</a> -&gt; <a href=\"GHC-Integer-GMP-Internals.html#t:Integer\" title=\"GHC.Integer.GMP.Internals\">Integer</a>","name":"lcmInteger","module":"GHC.Integer.GMP.Internals","link":"GHC-Integer-GMP-Internals.html#v:lcmInteger"},{"display_html":"<a href=\"#v:sqrInteger\">sqrInteger</a> :: <a href=\"GHC-Integer-GMP-Internals.html#t:Integer\" title=\"GHC.Integer.GMP.Internals\">Integer</a> -&gt; <a href=\"GHC-Integer-GMP-Internals.html#t:Integer\" title=\"GHC.Integer.GMP.Internals\">Integer</a>","name":"sqrInteger","module":"GHC.Integer.GMP.Internals","link":"GHC-Integer-GMP-Internals.html#v:sqrInteger"},{"display_html":"<a href=\"#v:powModInteger\">powModInteger</a> :: <a href=\"GHC-Integer-GMP-Internals.html#t:Integer\" title=\"GHC.Integer.GMP.Internals\">Integer</a> -&gt; <a href=\"GHC-Integer-GMP-Internals.html#t:Integer\" title=\"GHC.Integer.GMP.Internals\">Integer</a> -&gt; <a href=\"GHC-Integer-GMP-Internals.html#t:Integer\" title=\"GHC.Integer.GMP.Internals\">Integer</a> -&gt; <a href=\"GHC-Integer-GMP-Internals.html#t:Integer\" title=\"GHC.Integer.GMP.Internals\">Integer</a>","name":"powModInteger","module":"GHC.Integer.GMP.Internals","link":"GHC-Integer-GMP-Internals.html#v:powModInteger"},{"display_html":"<a href=\"#v:powModSecInteger\">powModSecInteger</a> :: <a href=\"GHC-Integer-GMP-Internals.html#t:Integer\" title=\"GHC.Integer.GMP.Internals\">Integer</a> -&gt; <a href=\"GHC-Integer-GMP-Internals.html#t:Integer\" title=\"GHC.Integer.GMP.Internals\">Integer</a> -&gt; <a href=\"GHC-Integer-GMP-Internals.html#t:Integer\" title=\"GHC.Integer.GMP.Internals\">Integer</a> -&gt; <a href=\"GHC-Integer-GMP-Internals.html#t:Integer\" title=\"GHC.Integer.GMP.Internals\">Integer</a>","name":"powModSecInteger","module":"GHC.Integer.GMP.Internals","link":"GHC-Integer-GMP-Internals.html#v:powModSecInteger"},{"display_html":"<a href=\"#v:recipModInteger\">recipModInteger</a> :: <a href=\"GHC-Integer-GMP-Internals.html#t:Integer\" title=\"GHC.Integer.GMP.Internals\">Integer</a> -&gt; <a href=\"GHC-Integer-GMP-Internals.html#t:Integer\" title=\"GHC.Integer.GMP.Internals\">Integer</a> -&gt; <a href=\"GHC-Integer-GMP-Internals.html#t:Integer\" title=\"GHC.Integer.GMP.Internals\">Integer</a>","name":"recipModInteger","module":"GHC.Integer.GMP.Internals","link":"GHC-Integer-GMP-Internals.html#v:recipModInteger"},{"display_html":"<a href=\"#v:wordToNegInteger\">wordToNegInteger</a> :: <a href=\"../ghc-prim-0.5.3/GHC-Prim.html#t:Word-35-\" title=\"GHC.Prim\">Word#</a> -&gt; <a href=\"GHC-Integer-GMP-Internals.html#t:Integer\" title=\"GHC.Integer.GMP.Internals\">Integer</a>","name":"wordToNegInteger","module":"GHC.Integer.GMP.Internals","link":"GHC-Integer-GMP-Internals.html#v:wordToNegInteger"},{"display_html":"<a href=\"#v:bigNatToInteger\">bigNatToInteger</a> :: <a href=\"GHC-Integer-GMP-Internals.html#t:BigNat\" title=\"GHC.Integer.GMP.Internals\">BigNat</a> -&gt; <a href=\"GHC-Integer-GMP-Internals.html#t:Integer\" title=\"GHC.Integer.GMP.Internals\">Integer</a>","name":"bigNatToInteger","module":"GHC.Integer.GMP.Internals","link":"GHC-Integer-GMP-Internals.html#v:bigNatToInteger"},{"display_html":"<a href=\"#v:bigNatToNegInteger\">bigNatToNegInteger</a> :: <a href=\"GHC-Integer-GMP-Internals.html#t:BigNat\" title=\"GHC.Integer.GMP.Internals\">BigNat</a> -&gt; <a href=\"GHC-Integer-GMP-Internals.html#t:Integer\" title=\"GHC.Integer.GMP.Internals\">Integer</a>","name":"bigNatToNegInteger","module":"GHC.Integer.GMP.Internals","link":"GHC-Integer-GMP-Internals.html#v:bigNatToNegInteger"},{"display_html":"<span class=\"keyword\">data</span> <a href=\"#t:BigNat\">BigNat</a> = <a href=\"#v:BN-35-\">BN#</a> <a href=\"../ghc-prim-0.5.3/GHC-Prim.html#t:ByteArray-35-\" title=\"GHC.Prim\">ByteArray#</a>","name":"BigNat BN#","module":"GHC.Integer.GMP.Internals","link":"GHC-Integer-GMP-Internals.html#t:BigNat"},{"display_html":"<span class=\"keyword\">type</span> <a href=\"#t:GmpLimb\">GmpLimb</a> = <a href=\"../ghc-prim-0.5.3/GHC-Types.html#t:Word\" title=\"GHC.Types\">Word</a>","name":"GmpLimb","module":"GHC.Integer.GMP.Internals","link":"GHC-Integer-GMP-Internals.html#t:GmpLimb"},{"display_html":"<span class=\"keyword\">type</span> <a href=\"#t:GmpLimb-35-\">GmpLimb#</a> = <a href=\"../ghc-prim-0.5.3/GHC-Prim.html#t:Word-35-\" title=\"GHC.Prim\">Word#</a>","name":"GmpLimb#","module":"GHC.Integer.GMP.Internals","link":"GHC-Integer-GMP-Internals.html#t:GmpLimb-35-"},{"display_html":"<span class=\"keyword\">type</span> <a href=\"#t:GmpSize\">GmpSize</a> = <a href=\"../ghc-prim-0.5.3/GHC-Types.html#t:Int\" title=\"GHC.Types\">Int</a>","name":"GmpSize","module":"GHC.Integer.GMP.Internals","link":"GHC-Integer-GMP-Internals.html#t:GmpSize"},{"display_html":"<span class=\"keyword\">type</span> <a href=\"#t:GmpSize-35-\">GmpSize#</a> = <a href=\"../ghc-prim-0.5.3/GHC-Prim.html#t:Int-35-\" title=\"GHC.Prim\">Int#</a>","name":"GmpSize#","module":"GHC.Integer.GMP.Internals","link":"GHC-Integer-GMP-Internals.html#t:GmpSize-35-"},{"display_html":"<a href=\"#v:isValidBigNat-35-\">isValidBigNat#</a> :: <a href=\"GHC-Integer-GMP-Internals.html#t:BigNat\" title=\"GHC.Integer.GMP.Internals\">BigNat</a> -&gt; <a href=\"../ghc-prim-0.5.3/GHC-Prim.html#t:Int-35-\" title=\"GHC.Prim\">Int#</a>","name":"isValidBigNat#","module":"GHC.Integer.GMP.Internals","link":"GHC-Integer-GMP-Internals.html#v:isValidBigNat-35-"},{"display_html":"<a href=\"#v:sizeofBigNat-35-\">sizeofBigNat#</a> :: <a href=\"GHC-Integer-GMP-Internals.html#t:BigNat\" title=\"GHC.Integer.GMP.Internals\">BigNat</a> -&gt; <a href=\"GHC-Integer-GMP-Internals.html#t:GmpSize-35-\" title=\"GHC.Integer.GMP.Internals\">GmpSize#</a>","name":"sizeofBigNat#","module":"GHC.Integer.GMP.Internals","link":"GHC-Integer-GMP-Internals.html#v:sizeofBigNat-35-"},{"display_html":"<a href=\"#v:zeroBigNat\">zeroBigNat</a> :: <a href=\"GHC-Integer-GMP-Internals.html#t:BigNat\" title=\"GHC.Integer.GMP.Internals\">BigNat</a>","name":"zeroBigNat","module":"GHC.Integer.GMP.Internals","link":"GHC-Integer-GMP-Internals.html#v:zeroBigNat"},{"display_html":"<a href=\"#v:oneBigNat\">oneBigNat</a> :: <a href=\"GHC-Integer-GMP-Internals.html#t:BigNat\" title=\"GHC.Integer.GMP.Internals\">BigNat</a>","name":"oneBigNat","module":"GHC.Integer.GMP.Internals","link":"GHC-Integer-GMP-Internals.html#v:oneBigNat"},{"display_html":"<a href=\"#v:nullBigNat\">nullBigNat</a> :: <a href=\"GHC-Integer-GMP-Internals.html#t:BigNat\" title=\"GHC.Integer.GMP.Internals\">BigNat</a>","name":"nullBigNat","module":"GHC.Integer.GMP.Internals","link":"GHC-Integer-GMP-Internals.html#v:nullBigNat"},{"display_html":"<a href=\"#v:byteArrayToBigNat-35-\">byteArrayToBigNat#</a> :: <a href=\"../ghc-prim-0.5.3/GHC-Prim.html#t:ByteArray-35-\" title=\"GHC.Prim\">ByteArray#</a> -&gt; <a href=\"GHC-Integer-GMP-Internals.html#t:GmpSize-35-\" title=\"GHC.Integer.GMP.Internals\">GmpSize#</a> -&gt; <a href=\"GHC-Integer-GMP-Internals.html#t:BigNat\" title=\"GHC.Integer.GMP.Internals\">BigNat</a>","name":"byteArrayToBigNat#","module":"GHC.Integer.GMP.Internals","link":"GHC-Integer-GMP-Internals.html#v:byteArrayToBigNat-35-"},{"display_html":"<a href=\"#v:wordToBigNat\">wordToBigNat</a> :: <a href=\"../ghc-prim-0.5.3/GHC-Prim.html#t:Word-35-\" title=\"GHC.Prim\">Word#</a> -&gt; <a href=\"GHC-Integer-GMP-Internals.html#t:BigNat\" title=\"GHC.Integer.GMP.Internals\">BigNat</a>","name":"wordToBigNat","module":"GHC.Integer.GMP.Internals","link":"GHC-Integer-GMP-Internals.html#v:wordToBigNat"},{"display_html":"<a href=\"#v:wordToBigNat2\">wordToBigNat2</a> :: <a href=\"../ghc-prim-0.5.3/GHC-Prim.html#t:Word-35-\" title=\"GHC.Prim\">Word#</a> -&gt; <a href=\"../ghc-prim-0.5.3/GHC-Prim.html#t:Word-35-\" title=\"GHC.Prim\">Word#</a> -&gt; <a href=\"GHC-Integer-GMP-Internals.html#t:BigNat\" title=\"GHC.Integer.GMP.Internals\">BigNat</a>","name":"wordToBigNat2","module":"GHC.Integer.GMP.Internals","link":"GHC-Integer-GMP-Internals.html#v:wordToBigNat2"},{"display_html":"<a href=\"#v:bigNatToInt\">bigNatToInt</a> :: <a href=\"GHC-Integer-GMP-Internals.html#t:BigNat\" title=\"GHC.Integer.GMP.Internals\">BigNat</a> -&gt; <a href=\"../ghc-prim-0.5.3/GHC-Prim.html#t:Int-35-\" title=\"GHC.Prim\">Int#</a>","name":"bigNatToInt","module":"GHC.Integer.GMP.Internals","link":"GHC-Integer-GMP-Internals.html#v:bigNatToInt"},{"display_html":"<a href=\"#v:bigNatToWord\">bigNatToWord</a> :: <a href=\"GHC-Integer-GMP-Internals.html#t:BigNat\" title=\"GHC.Integer.GMP.Internals\">BigNat</a> -&gt; <a href=\"../ghc-prim-0.5.3/GHC-Prim.html#t:Word-35-\" title=\"GHC.Prim\">Word#</a>","name":"bigNatToWord","module":"GHC.Integer.GMP.Internals","link":"GHC-Integer-GMP-Internals.html#v:bigNatToWord"},{"display_html":"<a href=\"#v:indexBigNat-35-\">indexBigNat#</a> :: <a href=\"GHC-Integer-GMP-Internals.html#t:BigNat\" title=\"GHC.Integer.GMP.Internals\">BigNat</a> -&gt; <a href=\"GHC-Integer-GMP-Internals.html#t:GmpSize-35-\" title=\"GHC.Integer.GMP.Internals\">GmpSize#</a> -&gt; <a href=\"GHC-Integer-GMP-Internals.html#t:GmpLimb-35-\" title=\"GHC.Integer.GMP.Internals\">GmpLimb#</a>","name":"indexBigNat#","module":"GHC.Integer.GMP.Internals","link":"GHC-Integer-GMP-Internals.html#v:indexBigNat-35-"},{"display_html":"<a href=\"#v:plusBigNat\">plusBigNat</a> :: <a href=\"GHC-Integer-GMP-Internals.html#t:BigNat\" title=\"GHC.Integer.GMP.Internals\">BigNat</a> -&gt; <a href=\"GHC-Integer-GMP-Internals.html#t:BigNat\" title=\"GHC.Integer.GMP.Internals\">BigNat</a> -&gt; <a href=\"GHC-Integer-GMP-Internals.html#t:BigNat\" title=\"GHC.Integer.GMP.Internals\">BigNat</a>","name":"plusBigNat","module":"GHC.Integer.GMP.Internals","link":"GHC-Integer-GMP-Internals.html#v:plusBigNat"},{"display_html":"<a href=\"#v:plusBigNatWord\">plusBigNatWord</a> :: <a href=\"GHC-Integer-GMP-Internals.html#t:BigNat\" title=\"GHC.Integer.GMP.Internals\">BigNat</a> -&gt; <a href=\"GHC-Integer-GMP-Internals.html#t:GmpLimb-35-\" title=\"GHC.Integer.GMP.Internals\">GmpLimb#</a> -&gt; <a href=\"GHC-Integer-GMP-Internals.html#t:BigNat\" title=\"GHC.Integer.GMP.Internals\">BigNat</a>","name":"plusBigNatWord","module":"GHC.Integer.GMP.Internals","link":"GHC-Integer-GMP-Internals.html#v:plusBigNatWord"},{"display_html":"<a href=\"#v:minusBigNat\">minusBigNat</a> :: <a href=\"GHC-Integer-GMP-Internals.html#t:BigNat\" title=\"GHC.Integer.GMP.Internals\">BigNat</a> -&gt; <a href=\"GHC-Integer-GMP-Internals.html#t:BigNat\" title=\"GHC.Integer.GMP.Internals\">BigNat</a> -&gt; <a href=\"GHC-Integer-GMP-Internals.html#t:BigNat\" title=\"GHC.Integer.GMP.Internals\">BigNat</a>","name":"minusBigNat","module":"GHC.Integer.GMP.Internals","link":"GHC-Integer-GMP-Internals.html#v:minusBigNat"},{"display_html":"<a href=\"#v:minusBigNatWord\">minusBigNatWord</a> :: <a href=\"GHC-Integer-GMP-Internals.html#t:BigNat\" title=\"GHC.Integer.GMP.Internals\">BigNat</a> -&gt; <a href=\"GHC-Integer-GMP-Internals.html#t:GmpLimb-35-\" title=\"GHC.Integer.GMP.Internals\">GmpLimb#</a> -&gt; <a href=\"GHC-Integer-GMP-Internals.html#t:BigNat\" title=\"GHC.Integer.GMP.Internals\">BigNat</a>","name":"minusBigNatWord","module":"GHC.Integer.GMP.Internals","link":"GHC-Integer-GMP-Internals.html#v:minusBigNatWord"},{"display_html":"<a href=\"#v:timesBigNat\">timesBigNat</a> :: <a href=\"GHC-Integer-GMP-Internals.html#t:BigNat\" title=\"GHC.Integer.GMP.Internals\">BigNat</a> -&gt; <a href=\"GHC-Integer-GMP-Internals.html#t:BigNat\" title=\"GHC.Integer.GMP.Internals\">BigNat</a> -&gt; <a href=\"GHC-Integer-GMP-Internals.html#t:BigNat\" title=\"GHC.Integer.GMP.Internals\">BigNat</a>","name":"timesBigNat","module":"GHC.Integer.GMP.Internals","link":"GHC-Integer-GMP-Internals.html#v:timesBigNat"},{"display_html":"<a href=\"#v:timesBigNatWord\">timesBigNatWord</a> :: <a href=\"GHC-Integer-GMP-Internals.html#t:BigNat\" title=\"GHC.Integer.GMP.Internals\">BigNat</a> -&gt; <a href=\"GHC-Integer-GMP-Internals.html#t:GmpLimb-35-\" title=\"GHC.Integer.GMP.Internals\">GmpLimb#</a> -&gt; <a href=\"GHC-Integer-GMP-Internals.html#t:BigNat\" title=\"GHC.Integer.GMP.Internals\">BigNat</a>","name":"timesBigNatWord","module":"GHC.Integer.GMP.Internals","link":"GHC-Integer-GMP-Internals.html#v:timesBigNatWord"},{"display_html":"<a href=\"#v:sqrBigNat\">sqrBigNat</a> :: <a href=\"GHC-Integer-GMP-Internals.html#t:BigNat\" title=\"GHC.Integer.GMP.Internals\">BigNat</a> -&gt; <a href=\"GHC-Integer-GMP-Internals.html#t:BigNat\" title=\"GHC.Integer.GMP.Internals\">BigNat</a>","name":"sqrBigNat","module":"GHC.Integer.GMP.Internals","link":"GHC-Integer-GMP-Internals.html#v:sqrBigNat"},{"display_html":"<a href=\"#v:quotRemBigNat\">quotRemBigNat</a> :: <a href=\"GHC-Integer-GMP-Internals.html#t:BigNat\" title=\"GHC.Integer.GMP.Internals\">BigNat</a> -&gt; <a href=\"GHC-Integer-GMP-Internals.html#t:BigNat\" title=\"GHC.Integer.GMP.Internals\">BigNat</a> -&gt; (# <a href=\"GHC-Integer-GMP-Internals.html#t:BigNat\" title=\"GHC.Integer.GMP.Internals\">BigNat</a>, <a href=\"GHC-Integer-GMP-Internals.html#t:BigNat\" title=\"GHC.Integer.GMP.Internals\">BigNat</a> #)","name":"quotRemBigNat","module":"GHC.Integer.GMP.Internals","link":"GHC-Integer-GMP-Internals.html#v:quotRemBigNat"},{"display_html":"<a href=\"#v:quotRemBigNatWord\">quotRemBigNatWord</a> :: <a href=\"GHC-Integer-GMP-Internals.html#t:BigNat\" title=\"GHC.Integer.GMP.Internals\">BigNat</a> -&gt; <a href=\"GHC-Integer-GMP-Internals.html#t:GmpLimb-35-\" title=\"GHC.Integer.GMP.Internals\">GmpLimb#</a> -&gt; (# <a href=\"GHC-Integer-GMP-Internals.html#t:BigNat\" title=\"GHC.Integer.GMP.Internals\">BigNat</a>, <a href=\"GHC-Integer-GMP-Internals.html#t:GmpLimb-35-\" title=\"GHC.Integer.GMP.Internals\">GmpLimb#</a> #)","name":"quotRemBigNatWord","module":"GHC.Integer.GMP.Internals","link":"GHC-Integer-GMP-Internals.html#v:quotRemBigNatWord"},{"display_html":"<a href=\"#v:quotBigNatWord\">quotBigNatWord</a> :: <a href=\"GHC-Integer-GMP-Internals.html#t:BigNat\" title=\"GHC.Integer.GMP.Internals\">BigNat</a> -&gt; <a href=\"GHC-Integer-GMP-Internals.html#t:GmpLimb-35-\" title=\"GHC.Integer.GMP.Internals\">GmpLimb#</a> -&gt; <a href=\"GHC-Integer-GMP-Internals.html#t:BigNat\" title=\"GHC.Integer.GMP.Internals\">BigNat</a>","name":"quotBigNatWord","module":"GHC.Integer.GMP.Internals","link":"GHC-Integer-GMP-Internals.html#v:quotBigNatWord"},{"display_html":"<a href=\"#v:quotBigNat\">quotBigNat</a> :: <a href=\"GHC-Integer-GMP-Internals.html#t:BigNat\" title=\"GHC.Integer.GMP.Internals\">BigNat</a> -&gt; <a href=\"GHC-Integer-GMP-Internals.html#t:BigNat\" title=\"GHC.Integer.GMP.Internals\">BigNat</a> -&gt; <a href=\"GHC-Integer-GMP-Internals.html#t:BigNat\" title=\"GHC.Integer.GMP.Internals\">BigNat</a>","name":"quotBigNat","module":"GHC.Integer.GMP.Internals","link":"GHC-Integer-GMP-Internals.html#v:quotBigNat"},{"display_html":"<a href=\"#v:remBigNat\">remBigNat</a> :: <a href=\"GHC-Integer-GMP-Internals.html#t:BigNat\" title=\"GHC.Integer.GMP.Internals\">BigNat</a> -&gt; <a href=\"GHC-Integer-GMP-Internals.html#t:BigNat\" title=\"GHC.Integer.GMP.Internals\">BigNat</a> -&gt; <a href=\"GHC-Integer-GMP-Internals.html#t:BigNat\" title=\"GHC.Integer.GMP.Internals\">BigNat</a>","name":"remBigNat","module":"GHC.Integer.GMP.Internals","link":"GHC-Integer-GMP-Internals.html#v:remBigNat"},{"display_html":"<a href=\"#v:remBigNatWord\">remBigNatWord</a> :: <a href=\"GHC-Integer-GMP-Internals.html#t:BigNat\" title=\"GHC.Integer.GMP.Internals\">BigNat</a> -&gt; <a href=\"GHC-Integer-GMP-Internals.html#t:GmpLimb-35-\" title=\"GHC.Integer.GMP.Internals\">GmpLimb#</a> -&gt; <a href=\"../ghc-prim-0.5.3/GHC-Prim.html#t:Word-35-\" title=\"GHC.Prim\">Word#</a>","name":"remBigNatWord","module":"GHC.Integer.GMP.Internals","link":"GHC-Integer-GMP-Internals.html#v:remBigNatWord"},{"display_html":"<a href=\"#v:gcdBigNat\">gcdBigNat</a> :: <a href=\"GHC-Integer-GMP-Internals.html#t:BigNat\" title=\"GHC.Integer.GMP.Internals\">BigNat</a> -&gt; <a href=\"GHC-Integer-GMP-Internals.html#t:BigNat\" title=\"GHC.Integer.GMP.Internals\">BigNat</a> -&gt; <a href=\"GHC-Integer-GMP-Internals.html#t:BigNat\" title=\"GHC.Integer.GMP.Internals\">BigNat</a>","name":"gcdBigNat","module":"GHC.Integer.GMP.Internals","link":"GHC-Integer-GMP-Internals.html#v:gcdBigNat"},{"display_html":"<a href=\"#v:gcdBigNatWord\">gcdBigNatWord</a> :: <a href=\"GHC-Integer-GMP-Internals.html#t:BigNat\" title=\"GHC.Integer.GMP.Internals\">BigNat</a> -&gt; <a href=\"../ghc-prim-0.5.3/GHC-Prim.html#t:Word-35-\" title=\"GHC.Prim\">Word#</a> -&gt; <a href=\"../ghc-prim-0.5.3/GHC-Prim.html#t:Word-35-\" title=\"GHC.Prim\">Word#</a>","name":"gcdBigNatWord","module":"GHC.Integer.GMP.Internals","link":"GHC-Integer-GMP-Internals.html#v:gcdBigNatWord"},{"display_html":"<a href=\"#v:powModBigNat\">powModBigNat</a> :: <a href=\"GHC-Integer-GMP-Internals.html#t:BigNat\" title=\"GHC.Integer.GMP.Internals\">BigNat</a> -&gt; <a href=\"GHC-Integer-GMP-Internals.html#t:BigNat\" title=\"GHC.Integer.GMP.Internals\">BigNat</a> -&gt; <a href=\"GHC-Integer-GMP-Internals.html#t:BigNat\" title=\"GHC.Integer.GMP.Internals\">BigNat</a> -&gt; <a href=\"GHC-Integer-GMP-Internals.html#t:BigNat\" title=\"GHC.Integer.GMP.Internals\">BigNat</a>","name":"powModBigNat","module":"GHC.Integer.GMP.Internals","link":"GHC-Integer-GMP-Internals.html#v:powModBigNat"},{"display_html":"<a href=\"#v:powModBigNatWord\">powModBigNatWord</a> :: <a href=\"GHC-Integer-GMP-Internals.html#t:BigNat\" title=\"GHC.Integer.GMP.Internals\">BigNat</a> -&gt; <a href=\"GHC-Integer-GMP-Internals.html#t:BigNat\" title=\"GHC.Integer.GMP.Internals\">BigNat</a> -&gt; <a href=\"GHC-Integer-GMP-Internals.html#t:GmpLimb-35-\" title=\"GHC.Integer.GMP.Internals\">GmpLimb#</a> -&gt; <a href=\"GHC-Integer-GMP-Internals.html#t:GmpLimb-35-\" title=\"GHC.Integer.GMP.Internals\">GmpLimb#</a>","name":"powModBigNatWord","module":"GHC.Integer.GMP.Internals","link":"GHC-Integer-GMP-Internals.html#v:powModBigNatWord"},{"display_html":"<a href=\"#v:recipModBigNat\">recipModBigNat</a> :: <a href=\"GHC-Integer-GMP-Internals.html#t:BigNat\" title=\"GHC.Integer.GMP.Internals\">BigNat</a> -&gt; <a href=\"GHC-Integer-GMP-Internals.html#t:BigNat\" title=\"GHC.Integer.GMP.Internals\">BigNat</a> -&gt; <a href=\"GHC-Integer-GMP-Internals.html#t:BigNat\" title=\"GHC.Integer.GMP.Internals\">BigNat</a>","name":"recipModBigNat","module":"GHC.Integer.GMP.Internals","link":"GHC-Integer-GMP-Internals.html#v:recipModBigNat"},{"display_html":"<a href=\"#v:shiftRBigNat\">shiftRBigNat</a> :: <a href=\"GHC-Integer-GMP-Internals.html#t:BigNat\" title=\"GHC.Integer.GMP.Internals\">BigNat</a> -&gt; <a href=\"../ghc-prim-0.5.3/GHC-Prim.html#t:Int-35-\" title=\"GHC.Prim\">Int#</a> -&gt; <a href=\"GHC-Integer-GMP-Internals.html#t:BigNat\" title=\"GHC.Integer.GMP.Internals\">BigNat</a>","name":"shiftRBigNat","module":"GHC.Integer.GMP.Internals","link":"GHC-Integer-GMP-Internals.html#v:shiftRBigNat"},{"display_html":"<a href=\"#v:shiftLBigNat\">shiftLBigNat</a> :: <a href=\"GHC-Integer-GMP-Internals.html#t:BigNat\" title=\"GHC.Integer.GMP.Internals\">BigNat</a> -&gt; <a href=\"../ghc-prim-0.5.3/GHC-Prim.html#t:Int-35-\" title=\"GHC.Prim\">Int#</a> -&gt; <a href=\"GHC-Integer-GMP-Internals.html#t:BigNat\" title=\"GHC.Integer.GMP.Internals\">BigNat</a>","name":"shiftLBigNat","module":"GHC.Integer.GMP.Internals","link":"GHC-Integer-GMP-Internals.html#v:shiftLBigNat"},{"display_html":"<a href=\"#v:testBitBigNat\">testBitBigNat</a> :: <a href=\"GHC-Integer-GMP-Internals.html#t:BigNat\" title=\"GHC.Integer.GMP.Internals\">BigNat</a> -&gt; <a href=\"../ghc-prim-0.5.3/GHC-Prim.html#t:Int-35-\" title=\"GHC.Prim\">Int#</a> -&gt; <a href=\"../ghc-prim-0.5.3/GHC-Types.html#t:Bool\" title=\"GHC.Types\">Bool</a>","name":"testBitBigNat","module":"GHC.Integer.GMP.Internals","link":"GHC-Integer-GMP-Internals.html#v:testBitBigNat"},{"display_html":"<a href=\"#v:clearBitBigNat\">clearBitBigNat</a> :: <a href=\"GHC-Integer-GMP-Internals.html#t:BigNat\" title=\"GHC.Integer.GMP.Internals\">BigNat</a> -&gt; <a href=\"../ghc-prim-0.5.3/GHC-Prim.html#t:Int-35-\" title=\"GHC.Prim\">Int#</a> -&gt; <a href=\"GHC-Integer-GMP-Internals.html#t:BigNat\" title=\"GHC.Integer.GMP.Internals\">BigNat</a>","name":"clearBitBigNat","module":"GHC.Integer.GMP.Internals","link":"GHC-Integer-GMP-Internals.html#v:clearBitBigNat"},{"display_html":"<a href=\"#v:complementBitBigNat\">complementBitBigNat</a> :: <a href=\"GHC-Integer-GMP-Internals.html#t:BigNat\" title=\"GHC.Integer.GMP.Internals\">BigNat</a> -&gt; <a href=\"../ghc-prim-0.5.3/GHC-Prim.html#t:Int-35-\" title=\"GHC.Prim\">Int#</a> -&gt; <a href=\"GHC-Integer-GMP-Internals.html#t:BigNat\" title=\"GHC.Integer.GMP.Internals\">BigNat</a>","name":"complementBitBigNat","module":"GHC.Integer.GMP.Internals","link":"GHC-Integer-GMP-Internals.html#v:complementBitBigNat"},{"display_html":"<a href=\"#v:setBitBigNat\">setBitBigNat</a> :: <a href=\"GHC-Integer-GMP-Internals.html#t:BigNat\" title=\"GHC.Integer.GMP.Internals\">BigNat</a> -&gt; <a href=\"../ghc-prim-0.5.3/GHC-Prim.html#t:Int-35-\" title=\"GHC.Prim\">Int#</a> -&gt; <a href=\"GHC-Integer-GMP-Internals.html#t:BigNat\" title=\"GHC.Integer.GMP.Internals\">BigNat</a>","name":"setBitBigNat","module":"GHC.Integer.GMP.Internals","link":"GHC-Integer-GMP-Internals.html#v:setBitBigNat"},{"display_html":"<a href=\"#v:andBigNat\">andBigNat</a> :: <a href=\"GHC-Integer-GMP-Internals.html#t:BigNat\" title=\"GHC.Integer.GMP.Internals\">BigNat</a> -&gt; <a href=\"GHC-Integer-GMP-Internals.html#t:BigNat\" title=\"GHC.Integer.GMP.Internals\">BigNat</a> -&gt; <a href=\"GHC-Integer-GMP-Internals.html#t:BigNat\" title=\"GHC.Integer.GMP.Internals\">BigNat</a>","name":"andBigNat","module":"GHC.Integer.GMP.Internals","link":"GHC-Integer-GMP-Internals.html#v:andBigNat"},{"display_html":"<a href=\"#v:xorBigNat\">xorBigNat</a> :: <a href=\"GHC-Integer-GMP-Internals.html#t:BigNat\" title=\"GHC.Integer.GMP.Internals\">BigNat</a> -&gt; <a href=\"GHC-Integer-GMP-Internals.html#t:BigNat\" title=\"GHC.Integer.GMP.Internals\">BigNat</a> -&gt; <a href=\"GHC-Integer-GMP-Internals.html#t:BigNat\" title=\"GHC.Integer.GMP.Internals\">BigNat</a>","name":"xorBigNat","module":"GHC.Integer.GMP.Internals","link":"GHC-Integer-GMP-Internals.html#v:xorBigNat"},{"display_html":"<a href=\"#v:popCountBigNat\">popCountBigNat</a> :: <a href=\"GHC-Integer-GMP-Internals.html#t:BigNat\" title=\"GHC.Integer.GMP.Internals\">BigNat</a> -&gt; <a href=\"../ghc-prim-0.5.3/GHC-Prim.html#t:Int-35-\" title=\"GHC.Prim\">Int#</a>","name":"popCountBigNat","module":"GHC.Integer.GMP.Internals","link":"GHC-Integer-GMP-Internals.html#v:popCountBigNat"},{"display_html":"<a href=\"#v:orBigNat\">orBigNat</a> :: <a href=\"GHC-Integer-GMP-Internals.html#t:BigNat\" title=\"GHC.Integer.GMP.Internals\">BigNat</a> -&gt; <a href=\"GHC-Integer-GMP-Internals.html#t:BigNat\" title=\"GHC.Integer.GMP.Internals\">BigNat</a> -&gt; <a href=\"GHC-Integer-GMP-Internals.html#t:BigNat\" title=\"GHC.Integer.GMP.Internals\">BigNat</a>","name":"orBigNat","module":"GHC.Integer.GMP.Internals","link":"GHC-Integer-GMP-Internals.html#v:orBigNat"},{"display_html":"<a href=\"#v:bitBigNat\">bitBigNat</a> :: <a href=\"../ghc-prim-0.5.3/GHC-Prim.html#t:Int-35-\" title=\"GHC.Prim\">Int#</a> -&gt; <a href=\"GHC-Integer-GMP-Internals.html#t:BigNat\" title=\"GHC.Integer.GMP.Internals\">BigNat</a>","name":"bitBigNat","module":"GHC.Integer.GMP.Internals","link":"GHC-Integer-GMP-Internals.html#v:bitBigNat"},{"display_html":"<a href=\"#v:isZeroBigNat\">isZeroBigNat</a> :: <a href=\"GHC-Integer-GMP-Internals.html#t:BigNat\" title=\"GHC.Integer.GMP.Internals\">BigNat</a> -&gt; <a href=\"../ghc-prim-0.5.3/GHC-Types.html#t:Bool\" title=\"GHC.Types\">Bool</a>","name":"isZeroBigNat","module":"GHC.Integer.GMP.Internals","link":"GHC-Integer-GMP-Internals.html#v:isZeroBigNat"},{"display_html":"<a href=\"#v:isNullBigNat-35-\">isNullBigNat#</a> :: <a href=\"GHC-Integer-GMP-Internals.html#t:BigNat\" title=\"GHC.Integer.GMP.Internals\">BigNat</a> -&gt; <a href=\"../ghc-prim-0.5.3/GHC-Prim.html#t:Int-35-\" title=\"GHC.Prim\">Int#</a>","name":"isNullBigNat#","module":"GHC.Integer.GMP.Internals","link":"GHC-Integer-GMP-Internals.html#v:isNullBigNat-35-"},{"display_html":"<a href=\"#v:compareBigNatWord\">compareBigNatWord</a> :: <a href=\"GHC-Integer-GMP-Internals.html#t:BigNat\" title=\"GHC.Integer.GMP.Internals\">BigNat</a> -&gt; <a href=\"GHC-Integer-GMP-Internals.html#t:GmpLimb-35-\" title=\"GHC.Integer.GMP.Internals\">GmpLimb#</a> -&gt; <a href=\"../ghc-prim-0.5.3/GHC-Types.html#t:Ordering\" title=\"GHC.Types\">Ordering</a>","name":"compareBigNatWord","module":"GHC.Integer.GMP.Internals","link":"GHC-Integer-GMP-Internals.html#v:compareBigNatWord"},{"display_html":"<a href=\"#v:compareBigNat\">compareBigNat</a> :: <a href=\"GHC-Integer-GMP-Internals.html#t:BigNat\" title=\"GHC.Integer.GMP.Internals\">BigNat</a> -&gt; <a href=\"GHC-Integer-GMP-Internals.html#t:BigNat\" title=\"GHC.Integer.GMP.Internals\">BigNat</a> -&gt; <a href=\"../ghc-prim-0.5.3/GHC-Types.html#t:Ordering\" title=\"GHC.Types\">Ordering</a>","name":"compareBigNat","module":"GHC.Integer.GMP.Internals","link":"GHC-Integer-GMP-Internals.html#v:compareBigNat"},{"display_html":"<a href=\"#v:eqBigNatWord\">eqBigNatWord</a> :: <a href=\"GHC-Integer-GMP-Internals.html#t:BigNat\" title=\"GHC.Integer.GMP.Internals\">BigNat</a> -&gt; <a href=\"GHC-Integer-GMP-Internals.html#t:GmpLimb-35-\" title=\"GHC.Integer.GMP.Internals\">GmpLimb#</a> -&gt; <a href=\"../ghc-prim-0.5.3/GHC-Types.html#t:Bool\" title=\"GHC.Types\">Bool</a>","name":"eqBigNatWord","module":"GHC.Integer.GMP.Internals","link":"GHC-Integer-GMP-Internals.html#v:eqBigNatWord"},{"display_html":"<a href=\"#v:eqBigNatWord-35-\">eqBigNatWord#</a> :: <a href=\"GHC-Integer-GMP-Internals.html#t:BigNat\" title=\"GHC.Integer.GMP.Internals\">BigNat</a> -&gt; <a href=\"GHC-Integer-GMP-Internals.html#t:GmpLimb-35-\" title=\"GHC.Integer.GMP.Internals\">GmpLimb#</a> -&gt; <a href=\"../ghc-prim-0.5.3/GHC-Prim.html#t:Int-35-\" title=\"GHC.Prim\">Int#</a>","name":"eqBigNatWord#","module":"GHC.Integer.GMP.Internals","link":"GHC-Integer-GMP-Internals.html#v:eqBigNatWord-35-"},{"display_html":"<a href=\"#v:eqBigNat\">eqBigNat</a> :: <a href=\"GHC-Integer-GMP-Internals.html#t:BigNat\" title=\"GHC.Integer.GMP.Internals\">BigNat</a> -&gt; <a href=\"GHC-Integer-GMP-Internals.html#t:BigNat\" title=\"GHC.Integer.GMP.Internals\">BigNat</a> -&gt; <a href=\"../ghc-prim-0.5.3/GHC-Types.html#t:Bool\" title=\"GHC.Types\">Bool</a>","name":"eqBigNat","module":"GHC.Integer.GMP.Internals","link":"GHC-Integer-GMP-Internals.html#v:eqBigNat"},{"display_html":"<a href=\"#v:eqBigNat-35-\">eqBigNat#</a> :: <a href=\"GHC-Integer-GMP-Internals.html#t:BigNat\" title=\"GHC.Integer.GMP.Internals\">BigNat</a> -&gt; <a href=\"GHC-Integer-GMP-Internals.html#t:BigNat\" title=\"GHC.Integer.GMP.Internals\">BigNat</a> -&gt; <a href=\"../ghc-prim-0.5.3/GHC-Prim.html#t:Int-35-\" title=\"GHC.Prim\">Int#</a>","name":"eqBigNat#","module":"GHC.Integer.GMP.Internals","link":"GHC-Integer-GMP-Internals.html#v:eqBigNat-35-"},{"display_html":"<a href=\"#v:gtBigNatWord-35-\">gtBigNatWord#</a> :: <a href=\"GHC-Integer-GMP-Internals.html#t:BigNat\" title=\"GHC.Integer.GMP.Internals\">BigNat</a> -&gt; <a href=\"GHC-Integer-GMP-Internals.html#t:GmpLimb-35-\" title=\"GHC.Integer.GMP.Internals\">GmpLimb#</a> -&gt; <a href=\"../ghc-prim-0.5.3/GHC-Prim.html#t:Int-35-\" title=\"GHC.Prim\">Int#</a>","name":"gtBigNatWord#","module":"GHC.Integer.GMP.Internals","link":"GHC-Integer-GMP-Internals.html#v:gtBigNatWord-35-"},{"display_html":"<a href=\"#v:gcdInt\">gcdInt</a> :: <a href=\"../ghc-prim-0.5.3/GHC-Prim.html#t:Int-35-\" title=\"GHC.Prim\">Int#</a> -&gt; <a href=\"../ghc-prim-0.5.3/GHC-Prim.html#t:Int-35-\" title=\"GHC.Prim\">Int#</a> -&gt; <a href=\"../ghc-prim-0.5.3/GHC-Prim.html#t:Int-35-\" title=\"GHC.Prim\">Int#</a>","name":"gcdInt","module":"GHC.Integer.GMP.Internals","link":"GHC-Integer-GMP-Internals.html#v:gcdInt"},{"display_html":"<a href=\"#v:gcdWord\">gcdWord</a> :: <a href=\"../ghc-prim-0.5.3/GHC-Prim.html#t:Word-35-\" title=\"GHC.Prim\">Word#</a> -&gt; <a href=\"../ghc-prim-0.5.3/GHC-Prim.html#t:Word-35-\" title=\"GHC.Prim\">Word#</a> -&gt; <a href=\"../ghc-prim-0.5.3/GHC-Prim.html#t:Word-35-\" title=\"GHC.Prim\">Word#</a>","name":"gcdWord","module":"GHC.Integer.GMP.Internals","link":"GHC-Integer-GMP-Internals.html#v:gcdWord"},{"display_html":"<a href=\"#v:powModWord\">powModWord</a> :: <a href=\"GHC-Integer-GMP-Internals.html#t:GmpLimb-35-\" title=\"GHC.Integer.GMP.Internals\">GmpLimb#</a> -&gt; <a href=\"GHC-Integer-GMP-Internals.html#t:GmpLimb-35-\" title=\"GHC.Integer.GMP.Internals\">GmpLimb#</a> -&gt; <a href=\"GHC-Integer-GMP-Internals.html#t:GmpLimb-35-\" title=\"GHC.Integer.GMP.Internals\">GmpLimb#</a> -&gt; <a href=\"GHC-Integer-GMP-Internals.html#t:GmpLimb-35-\" title=\"GHC.Integer.GMP.Internals\">GmpLimb#</a>","name":"powModWord","module":"GHC.Integer.GMP.Internals","link":"GHC-Integer-GMP-Internals.html#v:powModWord"},{"display_html":"<a href=\"#v:recipModWord\">recipModWord</a> :: <a href=\"GHC-Integer-GMP-Internals.html#t:GmpLimb-35-\" title=\"GHC.Integer.GMP.Internals\">GmpLimb#</a> -&gt; <a href=\"GHC-Integer-GMP-Internals.html#t:GmpLimb-35-\" title=\"GHC.Integer.GMP.Internals\">GmpLimb#</a> -&gt; <a href=\"GHC-Integer-GMP-Internals.html#t:GmpLimb-35-\" title=\"GHC.Integer.GMP.Internals\">GmpLimb#</a>","name":"recipModWord","module":"GHC.Integer.GMP.Internals","link":"GHC-Integer-GMP-Internals.html#v:recipModWord"},{"display_html":"<a href=\"#v:testPrimeInteger\">testPrimeInteger</a> :: <a href=\"GHC-Integer-GMP-Internals.html#t:Integer\" title=\"GHC.Integer.GMP.Internals\">Integer</a> -&gt; <a href=\"../ghc-prim-0.5.3/GHC-Prim.html#t:Int-35-\" title=\"GHC.Prim\">Int#</a> -&gt; <a href=\"../ghc-prim-0.5.3/GHC-Prim.html#t:Int-35-\" title=\"GHC.Prim\">Int#</a>","name":"testPrimeInteger","module":"GHC.Integer.GMP.Internals","link":"GHC-Integer-GMP-Internals.html#v:testPrimeInteger"},{"display_html":"<a href=\"#v:testPrimeBigNat\">testPrimeBigNat</a> :: <a href=\"GHC-Integer-GMP-Internals.html#t:BigNat\" title=\"GHC.Integer.GMP.Internals\">BigNat</a> -&gt; <a href=\"../ghc-prim-0.5.3/GHC-Prim.html#t:Int-35-\" title=\"GHC.Prim\">Int#</a> -&gt; <a href=\"../ghc-prim-0.5.3/GHC-Prim.html#t:Int-35-\" title=\"GHC.Prim\">Int#</a>","name":"testPrimeBigNat","module":"GHC.Integer.GMP.Internals","link":"GHC-Integer-GMP-Internals.html#v:testPrimeBigNat"},{"display_html":"<a href=\"#v:testPrimeWord-35-\">testPrimeWord#</a> :: <a href=\"GHC-Integer-GMP-Internals.html#t:GmpLimb-35-\" title=\"GHC.Integer.GMP.Internals\">GmpLimb#</a> -&gt; <a href=\"../ghc-prim-0.5.3/GHC-Prim.html#t:Int-35-\" title=\"GHC.Prim\">Int#</a> -&gt; <a href=\"../ghc-prim-0.5.3/GHC-Prim.html#t:Int-35-\" title=\"GHC.Prim\">Int#</a>","name":"testPrimeWord#","module":"GHC.Integer.GMP.Internals","link":"GHC-Integer-GMP-Internals.html#v:testPrimeWord-35-"},{"display_html":"<a href=\"#v:nextPrimeInteger\">nextPrimeInteger</a> :: <a href=\"GHC-Integer-GMP-Internals.html#t:Integer\" title=\"GHC.Integer.GMP.Internals\">Integer</a> -&gt; <a href=\"GHC-Integer-GMP-Internals.html#t:Integer\" title=\"GHC.Integer.GMP.Internals\">Integer</a>","name":"nextPrimeInteger","module":"GHC.Integer.GMP.Internals","link":"GHC-Integer-GMP-Internals.html#v:nextPrimeInteger"},{"display_html":"<a href=\"#v:nextPrimeBigNat\">nextPrimeBigNat</a> :: <a href=\"GHC-Integer-GMP-Internals.html#t:BigNat\" title=\"GHC.Integer.GMP.Internals\">BigNat</a> -&gt; <a href=\"GHC-Integer-GMP-Internals.html#t:BigNat\" title=\"GHC.Integer.GMP.Internals\">BigNat</a>","name":"nextPrimeBigNat","module":"GHC.Integer.GMP.Internals","link":"GHC-Integer-GMP-Internals.html#v:nextPrimeBigNat"},{"display_html":"<a href=\"#v:nextPrimeWord-35-\">nextPrimeWord#</a> :: <a href=\"GHC-Integer-GMP-Internals.html#t:GmpLimb-35-\" title=\"GHC.Integer.GMP.Internals\">GmpLimb#</a> -&gt; <a href=\"GHC-Integer-GMP-Internals.html#t:GmpLimb-35-\" title=\"GHC.Integer.GMP.Internals\">GmpLimb#</a>","name":"nextPrimeWord#","module":"GHC.Integer.GMP.Internals","link":"GHC-Integer-GMP-Internals.html#v:nextPrimeWord-35-"},{"display_html":"<a href=\"#v:sizeInBaseBigNat\">sizeInBaseBigNat</a> :: <a href=\"GHC-Integer-GMP-Internals.html#t:BigNat\" title=\"GHC.Integer.GMP.Internals\">BigNat</a> -&gt; <a href=\"../ghc-prim-0.5.3/GHC-Prim.html#t:Int-35-\" title=\"GHC.Prim\">Int#</a> -&gt; <a href=\"../ghc-prim-0.5.3/GHC-Prim.html#t:Word-35-\" title=\"GHC.Prim\">Word#</a>","name":"sizeInBaseBigNat","module":"GHC.Integer.GMP.Internals","link":"GHC-Integer-GMP-Internals.html#v:sizeInBaseBigNat"},{"display_html":"<a href=\"#v:sizeInBaseInteger\">sizeInBaseInteger</a> :: <a href=\"GHC-Integer-GMP-Internals.html#t:Integer\" title=\"GHC.Integer.GMP.Internals\">Integer</a> -&gt; <a href=\"../ghc-prim-0.5.3/GHC-Prim.html#t:Int-35-\" title=\"GHC.Prim\">Int#</a> -&gt; <a href=\"../ghc-prim-0.5.3/GHC-Prim.html#t:Word-35-\" title=\"GHC.Prim\">Word#</a>","name":"sizeInBaseInteger","module":"GHC.Integer.GMP.Internals","link":"GHC-Integer-GMP-Internals.html#v:sizeInBaseInteger"},{"display_html":"<a href=\"#v:sizeInBaseWord-35-\">sizeInBaseWord#</a> :: <a href=\"../ghc-prim-0.5.3/GHC-Prim.html#t:Word-35-\" title=\"GHC.Prim\">Word#</a> -&gt; <a href=\"../ghc-prim-0.5.3/GHC-Prim.html#t:Int-35-\" title=\"GHC.Prim\">Int#</a> -&gt; <a href=\"../ghc-prim-0.5.3/GHC-Prim.html#t:Word-35-\" title=\"GHC.Prim\">Word#</a>","name":"sizeInBaseWord#","module":"GHC.Integer.GMP.Internals","link":"GHC-Integer-GMP-Internals.html#v:sizeInBaseWord-35-"},{"display_html":"<a href=\"#v:exportBigNatToAddr\">exportBigNatToAddr</a> :: <a href=\"GHC-Integer-GMP-Internals.html#t:BigNat\" title=\"GHC.Integer.GMP.Internals\">BigNat</a> -&gt; <a href=\"../ghc-prim-0.5.3/GHC-Prim.html#t:Addr-35-\" title=\"GHC.Prim\">Addr#</a> -&gt; <a href=\"../ghc-prim-0.5.3/GHC-Prim.html#t:Int-35-\" title=\"GHC.Prim\">Int#</a> -&gt; <a href=\"../ghc-prim-0.5.3/GHC-Types.html#t:IO\" title=\"GHC.Types\">IO</a> <a href=\"../ghc-prim-0.5.3/GHC-Types.html#t:Word\" title=\"GHC.Types\">Word</a>","name":"exportBigNatToAddr","module":"GHC.Integer.GMP.Internals","link":"GHC-Integer-GMP-Internals.html#v:exportBigNatToAddr"},{"display_html":"<a href=\"#v:exportIntegerToAddr\">exportIntegerToAddr</a> :: <a href=\"GHC-Integer-GMP-Internals.html#t:Integer\" title=\"GHC.Integer.GMP.Internals\">Integer</a> -&gt; <a href=\"../ghc-prim-0.5.3/GHC-Prim.html#t:Addr-35-\" title=\"GHC.Prim\">Addr#</a> -&gt; <a href=\"../ghc-prim-0.5.3/GHC-Prim.html#t:Int-35-\" title=\"GHC.Prim\">Int#</a> -&gt; <a href=\"../ghc-prim-0.5.3/GHC-Types.html#t:IO\" title=\"GHC.Types\">IO</a> <a href=\"../ghc-prim-0.5.3/GHC-Types.html#t:Word\" title=\"GHC.Types\">Word</a>","name":"exportIntegerToAddr","module":"GHC.Integer.GMP.Internals","link":"GHC-Integer-GMP-Internals.html#v:exportIntegerToAddr"},{"display_html":"<a href=\"#v:exportWordToAddr\">exportWordToAddr</a> :: <a href=\"../ghc-prim-0.5.3/GHC-Types.html#t:Word\" title=\"GHC.Types\">Word</a> -&gt; <a href=\"../ghc-prim-0.5.3/GHC-Prim.html#t:Addr-35-\" title=\"GHC.Prim\">Addr#</a> -&gt; <a href=\"../ghc-prim-0.5.3/GHC-Prim.html#t:Int-35-\" title=\"GHC.Prim\">Int#</a> -&gt; <a href=\"../ghc-prim-0.5.3/GHC-Types.html#t:IO\" title=\"GHC.Types\">IO</a> <a href=\"../ghc-prim-0.5.3/GHC-Types.html#t:Word\" title=\"GHC.Types\">Word</a>","name":"exportWordToAddr","module":"GHC.Integer.GMP.Internals","link":"GHC-Integer-GMP-Internals.html#v:exportWordToAddr"},{"display_html":"<a href=\"#v:exportBigNatToMutableByteArray\">exportBigNatToMutableByteArray</a> :: <a href=\"GHC-Integer-GMP-Internals.html#t:BigNat\" title=\"GHC.Integer.GMP.Internals\">BigNat</a> -&gt; <a href=\"../ghc-prim-0.5.3/GHC-Prim.html#t:MutableByteArray-35-\" title=\"GHC.Prim\">MutableByteArray#</a> <a href=\"../ghc-prim-0.5.3/GHC-Prim.html#t:RealWorld\" title=\"GHC.Prim\">RealWorld</a> -&gt; <a href=\"../ghc-prim-0.5.3/GHC-Prim.html#t:Word-35-\" title=\"GHC.Prim\">Word#</a> -&gt; <a href=\"../ghc-prim-0.5.3/GHC-Prim.html#t:Int-35-\" title=\"GHC.Prim\">Int#</a> -&gt; <a href=\"../ghc-prim-0.5.3/GHC-Types.html#t:IO\" title=\"GHC.Types\">IO</a> <a href=\"../ghc-prim-0.5.3/GHC-Types.html#t:Word\" title=\"GHC.Types\">Word</a>","name":"exportBigNatToMutableByteArray","module":"GHC.Integer.GMP.Internals","link":"GHC-Integer-GMP-Internals.html#v:exportBigNatToMutableByteArray"},{"display_html":"<a href=\"#v:exportIntegerToMutableByteArray\">exportIntegerToMutableByteArray</a> :: <a href=\"GHC-Integer-GMP-Internals.html#t:Integer\" title=\"GHC.Integer.GMP.Internals\">Integer</a> -&gt; <a href=\"../ghc-prim-0.5.3/GHC-Prim.html#t:MutableByteArray-35-\" title=\"GHC.Prim\">MutableByteArray#</a> <a href=\"../ghc-prim-0.5.3/GHC-Prim.html#t:RealWorld\" title=\"GHC.Prim\">RealWorld</a> -&gt; <a href=\"../ghc-prim-0.5.3/GHC-Prim.html#t:Word-35-\" title=\"GHC.Prim\">Word#</a> -&gt; <a href=\"../ghc-prim-0.5.3/GHC-Prim.html#t:Int-35-\" title=\"GHC.Prim\">Int#</a> -&gt; <a href=\"../ghc-prim-0.5.3/GHC-Types.html#t:IO\" title=\"GHC.Types\">IO</a> <a href=\"../ghc-prim-0.5.3/GHC-Types.html#t:Word\" title=\"GHC.Types\">Word</a>","name":"exportIntegerToMutableByteArray","module":"GHC.Integer.GMP.Internals","link":"GHC-Integer-GMP-Internals.html#v:exportIntegerToMutableByteArray"},{"display_html":"<a href=\"#v:exportWordToMutableByteArray\">exportWordToMutableByteArray</a> :: <a href=\"../ghc-prim-0.5.3/GHC-Types.html#t:Word\" title=\"GHC.Types\">Word</a> -&gt; <a href=\"../ghc-prim-0.5.3/GHC-Prim.html#t:MutableByteArray-35-\" title=\"GHC.Prim\">MutableByteArray#</a> <a href=\"../ghc-prim-0.5.3/GHC-Prim.html#t:RealWorld\" title=\"GHC.Prim\">RealWorld</a> -&gt; <a href=\"../ghc-prim-0.5.3/GHC-Prim.html#t:Word-35-\" title=\"GHC.Prim\">Word#</a> -&gt; <a href=\"../ghc-prim-0.5.3/GHC-Prim.html#t:Int-35-\" title=\"GHC.Prim\">Int#</a> -&gt; <a href=\"../ghc-prim-0.5.3/GHC-Types.html#t:IO\" title=\"GHC.Types\">IO</a> <a href=\"../ghc-prim-0.5.3/GHC-Types.html#t:Word\" title=\"GHC.Types\">Word</a>","name":"exportWordToMutableByteArray","module":"GHC.Integer.GMP.Internals","link":"GHC-Integer-GMP-Internals.html#v:exportWordToMutableByteArray"},{"display_html":"<a href=\"#v:importBigNatFromAddr\">importBigNatFromAddr</a> :: <a href=\"../ghc-prim-0.5.3/GHC-Prim.html#t:Addr-35-\" title=\"GHC.Prim\">Addr#</a> -&gt; <a href=\"../ghc-prim-0.5.3/GHC-Prim.html#t:Word-35-\" title=\"GHC.Prim\">Word#</a> -&gt; <a href=\"../ghc-prim-0.5.3/GHC-Prim.html#t:Int-35-\" title=\"GHC.Prim\">Int#</a> -&gt; <a href=\"../ghc-prim-0.5.3/GHC-Types.html#t:IO\" title=\"GHC.Types\">IO</a> <a href=\"GHC-Integer-GMP-Internals.html#t:BigNat\" title=\"GHC.Integer.GMP.Internals\">BigNat</a>","name":"importBigNatFromAddr","module":"GHC.Integer.GMP.Internals","link":"GHC-Integer-GMP-Internals.html#v:importBigNatFromAddr"},{"display_html":"<a href=\"#v:importIntegerFromAddr\">importIntegerFromAddr</a> :: <a href=\"../ghc-prim-0.5.3/GHC-Prim.html#t:Addr-35-\" title=\"GHC.Prim\">Addr#</a> -&gt; <a href=\"../ghc-prim-0.5.3/GHC-Prim.html#t:Word-35-\" title=\"GHC.Prim\">Word#</a> -&gt; <a href=\"../ghc-prim-0.5.3/GHC-Prim.html#t:Int-35-\" title=\"GHC.Prim\">Int#</a> -&gt; <a href=\"../ghc-prim-0.5.3/GHC-Types.html#t:IO\" title=\"GHC.Types\">IO</a> <a href=\"GHC-Integer-GMP-Internals.html#t:Integer\" title=\"GHC.Integer.GMP.Internals\">Integer</a>","name":"importIntegerFromAddr","module":"GHC.Integer.GMP.Internals","link":"GHC-Integer-GMP-Internals.html#v:importIntegerFromAddr"},{"display_html":"<a href=\"#v:importBigNatFromByteArray\">importBigNatFromByteArray</a> :: <a href=\"../ghc-prim-0.5.3/GHC-Prim.html#t:ByteArray-35-\" title=\"GHC.Prim\">ByteArray#</a> -&gt; <a href=\"../ghc-prim-0.5.3/GHC-Prim.html#t:Word-35-\" title=\"GHC.Prim\">Word#</a> -&gt; <a href=\"../ghc-prim-0.5.3/GHC-Prim.html#t:Word-35-\" title=\"GHC.Prim\">Word#</a> -&gt; <a href=\"../ghc-prim-0.5.3/GHC-Prim.html#t:Int-35-\" title=\"GHC.Prim\">Int#</a> -&gt; <a href=\"GHC-Integer-GMP-Internals.html#t:BigNat\" title=\"GHC.Integer.GMP.Internals\">BigNat</a>","name":"importBigNatFromByteArray","module":"GHC.Integer.GMP.Internals","link":"GHC-Integer-GMP-Internals.html#v:importBigNatFromByteArray"},{"display_html":"<a href=\"#v:importIntegerFromByteArray\">importIntegerFromByteArray</a> :: <a href=\"../ghc-prim-0.5.3/GHC-Prim.html#t:ByteArray-35-\" title=\"GHC.Prim\">ByteArray#</a> -&gt; <a href=\"../ghc-prim-0.5.3/GHC-Prim.html#t:Word-35-\" title=\"GHC.Prim\">Word#</a> -&gt; <a href=\"../ghc-prim-0.5.3/GHC-Prim.html#t:Word-35-\" title=\"GHC.Prim\">Word#</a> -&gt; <a href=\"../ghc-prim-0.5.3/GHC-Prim.html#t:Int-35-\" title=\"GHC.Prim\">Int#</a> -&gt; <a href=\"GHC-Integer-GMP-Internals.html#t:Integer\" title=\"GHC.Integer.GMP.Internals\">Integer</a>","name":"importIntegerFromByteArray","module":"GHC.Integer.GMP.Internals","link":"GHC-Integer-GMP-Internals.html#v:importIntegerFromByteArray"}]