[{"display_html":"<span class=\"keyword\">class</span> <a href=\"#t:NFData\">NFData</a> a <span class=\"keyword\">where</span><ul class=\"subs\"><li><a href=\"#v:rnf\">rnf</a> :: a -&gt; ()</li></ul>","name":"NFData rnf","module":"Control.DeepSeq","link":"Control-DeepSeq.html#t:NFData"},{"display_html":"<a href=\"#v:deepseq\">deepseq</a> :: <a href=\"Control-DeepSeq.html#t:NFData\" title=\"Control.DeepSeq\">NFData</a> a =&gt; a -&gt; b -&gt; b","name":"deepseq","module":"Control.DeepSeq","link":"Control-DeepSeq.html#v:deepseq"},{"display_html":"<a href=\"#v:force\">force</a> :: <a href=\"Control-DeepSeq.html#t:NFData\" title=\"Control.DeepSeq\">NFData</a> a =&gt; a -&gt; a","name":"force","module":"Control.DeepSeq","link":"Control-DeepSeq.html#v:force"},{"display_html":"<a href=\"#v:-36--33--33-\">($!!)</a> :: <a href=\"Control-DeepSeq.html#t:NFData\" title=\"Control.DeepSeq\">NFData</a> a =&gt; (a -&gt; b) -&gt; a -&gt; b","name":"$!!","module":"Control.DeepSeq","link":"Control-DeepSeq.html#v:-36--33--33-"},{"display_html":"<a href=\"#v:-60--36--33--33--62-\">(&lt;$!!&gt;)</a> :: (<a href=\"../base-4.13.0.0/Control-Monad.html#t:Monad\" title=\"Control.Monad\">Monad</a> m, <a href=\"Control-DeepSeq.html#t:NFData\" title=\"Control.DeepSeq\">NFData</a> b) =&gt; (a -&gt; b) -&gt; m a -&gt; m b","name":"<$!!>","module":"Control.DeepSeq","link":"Control-DeepSeq.html#v:-60--36--33--33--62-"},{"display_html":"<a href=\"#v:rwhnf\">rwhnf</a> :: a -&gt; ()","name":"rwhnf","module":"Control.DeepSeq","link":"Control-DeepSeq.html#v:rwhnf"},{"display_html":"<span class=\"keyword\">class</span> <a href=\"#t:NFData1\">NFData1</a> f <span class=\"keyword\">where</span><ul class=\"subs\"><li><a href=\"#v:liftRnf\">liftRnf</a> :: (a -&gt; ()) -&gt; f a -&gt; ()</li></ul>","name":"NFData1 liftRnf","module":"Control.DeepSeq","link":"Control-DeepSeq.html#t:NFData1"},{"display_html":"<a href=\"#v:rnf1\">rnf1</a> :: (<a href=\"Control-DeepSeq.html#t:NFData1\" title=\"Control.DeepSeq\">NFData1</a> f, <a href=\"Control-DeepSeq.html#t:NFData\" title=\"Control.DeepSeq\">NFData</a> a) =&gt; f a -&gt; ()","name":"rnf1","module":"Control.DeepSeq","link":"Control-DeepSeq.html#v:rnf1"},{"display_html":"<span class=\"keyword\">class</span> <a href=\"#t:NFData2\">NFData2</a> p <span class=\"keyword\">where</span><ul class=\"subs\"><li><a href=\"#v:liftRnf2\">liftRnf2</a> :: (a -&gt; ()) -&gt; (b -&gt; ()) -&gt; p a b -&gt; ()</li></ul>","name":"NFData2 liftRnf2","module":"Control.DeepSeq","link":"Control-DeepSeq.html#t:NFData2"},{"display_html":"<a href=\"#v:rnf2\">rnf2</a> :: (<a href=\"Control-DeepSeq.html#t:NFData2\" title=\"Control.DeepSeq\">NFData2</a> p, <a href=\"Control-DeepSeq.html#t:NFData\" title=\"Control.DeepSeq\">NFData</a> a, <a href=\"Control-DeepSeq.html#t:NFData\" title=\"Control.DeepSeq\">NFData</a> b) =&gt; p a b -&gt; ()","name":"rnf2","module":"Control.DeepSeq","link":"Control-DeepSeq.html#v:rnf2"}]